1,1875,1938,,
2,1939,2322,檜薑營,"chair,tie"
3,2323,2458,,
4,2459,2772,,tie
5,2773,2948,,tie
6,2949,2995,,knife
7,2996,3349,檜薑營,tie
8,3350,3417,,
9,3418,3960,檜薑營,tie
10,3961,4039,,
11,4040,4334,,
12,4335,4550,檜薑營,tie
13,4551,4663,,
14,4664,4734,,cup
15,4735,4848,,cup
16,4849,4933,,
17,4934,5012,,
18,5013,5372,檜薑營,tie
19,5373,5483,,boat
20,5484,5664,,"truck,boat,car"
21,5665,5832,,
22,5833,6029,,"truck,boat,car"
23,6030,6135,,boat
24,6136,6195,,
25,6196,6274,,
26,6275,6390,,
27,6391,6510,檜薑營,tie
28,6511,6810,,
29,6811,6843,,
30,6844,6923,,"car,tie"
31,6924,6985,,"car,tie"
32,6986,7014,,tie
33,7015,7045,,tie
34,7046,7145,,"car,tv"
35,7146,7303,,tv
36,7304,7423,,"car,bus,traffic light"
37,7424,7504,,
38,7505,7942,,
39,7943,8120,,car
40,8121,8205,,car
41,8206,8759,,"car,tie"
42,8760,8929,,
43,8930,9027,,
44,9028,9160,,"car,traffic light"
45,9161,9259,,car
46,9260,9293,,car
47,9294,9599,,"car,truck"
48,9600,9678,,
49,9679,9712,,
50,9713,9750,,car
51,9751,9797,,car
52,9798,9848,,
53,9849,9900,,
54,9901,10283,,car
55,10284,10433,,"car,truck"
56,10434,10582,檜薑營,tie
57,10583,10688,檜薑營,
58,10689,10749,檜薑營,tie
59,10750,10810,,tie
60,10811,10853,,tie
61,10854,10902,檜薑營,tie
62,10903,11019,檜薑營,tie
63,11020,11139,檜薑營,
64,11140,11213,,
65,11214,11367,笠允,tie
66,11368,11453,檜薑營,
67,11454,11540,笠允,tie
68,11541,11720,"笠允,檜薑營",tie
69,11721,11854,檜薑營,tie
70,11855,11965,"笠允,檜薑營",
71,11966,12010,笠允,tie
72,12011,12059,"笠允,檜薑營",
73,12060,12149,"笠允,檜薑營",
74,12150,12235,"笠允,檜薑營",tie
75,12236,12655,笠允,
76,12656,12732,,traffic light
77,12733,12810,,car
78,12811,13033,"笠允,檜薑營","tie,car"
79,13034,13140,"笠允,檜薑營","tie,cell phone,car"
80,13141,13199,檜薑營,car
81,13200,13443,"笠允,檜薑營","tie,car"
82,13444,13602,檜薑營,car
83,13603,13843,笠允,car
84,13844,13900,檜薑營,car
85,13901,14009,笠允,car
86,14010,14334,"笠允,檜薑營","tie,car"
87,14335,14709,笠允,"tie,car"
88,14710,14774,檜薑營,car
89,14775,15245,"笠允,檜薑營","tie,car,handbag"
90,15246,15350,,clock
91,15351,15430,"笠允,檜薑營",car
92,15431,15454,,clock
93,15455,16015,"笠允,檜薑營","tie,handbag,car"
94,16016,16088,"笠允,檜薑營",car
95,16089,16144,"笠允,檜薑營",car
96,16145,16268,檜薑營,car
97,16269,16375,"笠允,檜薑營","tie,car"
98,16376,16957,"笠允,檜薑營","tie,car"
99,16958,17109,檜薑營,"car,tie"
100,17110,17914,"笠允,檜薑營","chair,tie,couch,cup"
101,17915,17973,,
102,17974,18279,,"chair,bench,tie"
103,18280,18414,"笠允,檜薑營",tie
104,18415,18457,檜薑營,"tie,cup"
105,18458,18515,笠允,tie
106,18516,18562,檜薑營,tie
107,18563,18600,,
108,18601,18639,,
109,18640,18677,,
110,18678,18715,,
111,18716,18824,笠允,"chair,tie"
112,18825,18917,,
113,18918,19015,檜薑營,
114,19016,19158,"笠允,檜薑營",
115,19159,19225,,
116,19226,19442,,tv
117,19443,19885,,"chair,laptop,mouse,dining table"
118,19886,20180,,
119,20181,20375,,car
120,20376,20763,,car
121,20764,21073,,
122,21074,21148,笠允,tie
123,21149,21294,笠允,tie
124,21295,21422,笠允,
125,21423,21585,"笠允,檜薑營",tie
126,21586,21760,檜薑營,"potted plant,tie"
127,21761,21900,,tie
128,21901,21993,,"potted plant,tie"
129,21994,22290,,
130,22291,22460,,
131,22461,22569,笠允,
132,22570,22630,檜薑營,tie
133,22631,22749,笠允,tie
134,22750,22840,,car
135,22841,22953,,car
136,22954,22988,,car
137,22989,23014,,car
138,23015,23045,,car
139,23046,23114,,car
140,23115,23417,,car
141,23418,23444,,car
142,23445,23507,,"tie,car"
143,23508,24110,,tie
144,24111,24162,",",car
145,24163,24419,,"cell phone,tie"
146,24420,24473,,
147,24474,24690,譆團衝,
148,24691,24730,,
149,24731,24813,譆團衝,
150,24814,24993,,
151,24994,25063,譆團衝,
152,25064,25119,,
153,25120,25542,譆團衝,
154,25543,25664,,
155,25665,25759,譆團衝,
156,25760,26119,,tie
157,26120,26312,譆團衝,
158,26313,26355,,
159,26356,26467,譆團衝,
160,26468,26543,,
161,26544,26907,譆團衝,
162,26908,26969,,
163,26970,27107,譆團衝,
164,27108,27249,譆團衝,tie
165,27250,27347,,
166,27348,27395,,tie
167,27396,27427,譆團衝,
168,27428,27462,,
169,27463,27557,譆團衝,
170,27558,27652,,tie
171,27653,27815,譆團衝,
172,27816,28012,譆團衝,tie
173,28013,28092,譆團衝,
174,28093,28198,,
175,28199,29065,"譆團衝,檜薑營",tie
176,29066,29379,譆團衝,tv
177,29380,29065,"譆團衝,檜薑營","tie,car"
178,29066,29243,,tv
179,29140,29243,,
180,29244,29302,,
181,29303,29339,,
182,29340,29365,,
183,29366,29404,,
184,29405,29454,,
185,29455,29525,,
186,29526,29663,,"tv,tie"
187,29664,29732,譆團衝,
188,29733,29882,,tv
189,29883,29949,,tv
190,29950,29999,,tv
191,30000,30042,,tv
192,30043,30097,,tv
193,30098,30213,,tie
194,30214,30259,,tie
195,30260,30308,,tie
196,30309,30349,,car
197,30350,30468,,tie
198,30469,30503,,
199,30504,30653,,
200,30654,30737,,
201,30738,30833,譆團衝,"couch,chair"
202,30834,30879,笠允,tie
203,30880,30937,笠允,tv
204,30938,31002,譆團衝,
205,31003,31073,笠允,tie
206,31074,31134,笠允,tie
207,31135,31188,笠允,tie
208,31189,31305,笠允,tie
209,31306,31360,笠允,"tv,laptop,chair"
210,31361,31618,,
211,31619,31665,,tie
212,31666,31717,笠允,tie
213,31718,31755,,
214,31756,31810,,"tv,tie"
215,31811,31924,譆團衝,
216,31925,31993,,tie
217,31994,32060,,
218,32061,32112,,tie
219,32113,32333,,tie
220,32334,32427,,
221,32428,32514,笠允,"tie,tv"
222,32515,32642,,tie
223,32643,32738,,"tv,tie"
224,32739,32818,,
225,32819,32939,,tie
226,32940,33019,,tie
227,33020,33114,譆團衝,
228,33115,33247,,
229,33248,33480,,"tie,chair"
230,33481,33653,,"tie,chair"
231,33654,33718,,tie
232,33719,33775,,tie
233,33776,33912,,tie
234,33913,34073,,tie
235,34074,34162,,
236,34163,34288,檜薑營,
237,34289,34412,,
238,34413,34558,檜薑營,"chair,dining table"
239,34559,34773,,
240,34774,34860,檜薑營,tie
241,34861,34928,,
242,34929,35160,檜薑營,tie
243,35161,35459,,
244,35460,35667,檜薑營,tie
245,35668,35754,,
246,35755,35803,檜薑營,
247,35804,35942,,
248,35943,36118,檜薑營,
249,36119,36183,,car
250,36184,36360,,car
251,36361,36487,,car
252,36488,36582,檜薑營,
253,36583,36869,,
254,36870,37380,檜薑營,tie
255,37381,37842,"譆團衝,檜薑營","chair,tie"
256,37843,37997,檜薑營,tie
257,37998,38035,譆團衝,chair
258,38036,38184,檜薑營,tie
259,38185,38554,"譆團衝,檜薑營",tie
260,38555,38632,檜薑營,tie
261,38633,38969,譆團衝,
262,38970,39058,檜薑營,tie
263,39059,39155,譆團衝,chair
264,39156,39359,檜薑營,tie
265,39360,39459,譆團衝,chair
266,39460,39525,檜薑營,
267,39526,39657,譆團衝,chair
268,39658,39768,檜薑營,tie
269,39769,39968,譆團衝,
270,39969,40108,檜薑營,tie
271,40109,40355,譆團衝,chair
272,40356,40482,檜薑營,tie
273,40483,40707,譆團衝,chair
274,40708,40753,檜薑營,
275,40754,40767,譆團衝,
276,40768,41068,"譆團衝,檜薑營",tie
277,41069,41162,譆團衝,
278,41163,41230,檜薑營,tie
279,41231,41339,譆團衝,
280,41340,41517,檜薑營,tie
281,41518,41627,譆團衝,
282,41628,41904,檜薑營,tie
283,41905,42203,"譆團衝,檜薑營",tie
284,42204,42370,檜薑營,tie
285,42371,42675,"譆團衝,檜薑營",chair
286,42676,42849,"譆團衝,檜薑營",
287,42850,43002,檜薑營,tie
288,43003,43098,"譆團衝,檜薑營",
289,43099,43245,檜薑營,tie
290,43246,43297,,
291,43298,43449,譆團衝,chair
292,43450,43740,檜薑營,tie
293,43741,43819,譆團衝,
294,43820,43893,檜薑營,tie
295,43894,44217,譆團衝,
296,44218,44339,檜薑營,tie
297,44340,44538,"譆團衝,檜薑營",chair
298,44539,44824,譆團衝,chair
299,44825,45142,檜薑營,"car,chair"
300,45143,45267,,
301,45268,45333,,"chair,bottle,cup"
302,45334,45434,檜薑營,tie
303,45435,45472,,tie
304,45473,45574,笠允,tie
305,45575,45673,,tie
306,45674,45782,,"bottle,tie"
307,45783,45879,笠允,tie
308,45880,45958,檜薑營,
309,45959,46055,,tie
310,46056,46138,笠允,
311,46139,46245,,
312,46246,46412,,
313,46413,46485,,"bottle,tie"
314,46486,46549,,"bottle,tie"
315,46550,46637,,
316,46638,46890,笠允,
317,46891,47102,,tie
318,47103,47177,,"chair,bottle,cup"
319,47178,47294,,
320,47295,47357,笠允,
321,47358,47434,,
322,47435,47493,檜薑營,tie
323,47494,47534,笠允,tie
324,47535,47732,,"bottle,tie,chair"
325,47733,47777,笠允,tie
326,47778,47823,,tie
327,47824,47948,笠允,tie
328,47949,48273,,tie
329,48274,48468,笠允,
330,48469,48642,,tie
331,48643,48723,笠允,
332,48724,48795,,"bottle,chair,cup"
333,48796,48990,笠允,
334,48991,49090,"笠允,檜薑營",
335,49091,49214,笠允,
336,49215,49342,"笠允,檜薑營",tie
337,49343,49412,,
338,49413,49648,"笠允,檜薑營",tie
339,49649,49824,"笠允,檜薑營",
340,49825,49899,檜薑營,
341,49900,49984,"笠允,檜薑營",
342,49985,50217,"笠允,檜薑營",tie
343,50218,50309,"笠允,檜薑營",
344,50310,50395,檜薑營,
345,50396,50578,"笠允,檜薑營",
346,50579,50770,"笠允,檜薑營",tie
347,50771,50868,檜薑營,
348,50869,51315,"笠允,檜薑營",tie
349,51316,51478,,car
350,51479,51587,笠允,tie
351,51588,51614,"笠允,檜薑營",car
352,51615,51658,,car
353,51659,51683,"笠允,檜薑營",tie
354,51684,51702,,car
355,51703,51737,"笠允,檜薑營",tie
356,51738,51749,"笠允,檜薑營",car
357,51750,51765,,
358,51766,51800,,car
359,51801,51835,"笠允,檜薑營","car,tie"
360,51836,51865,笠允,
361,51866,52023,,car
362,52024,52068,"笠允,檜薑營","car,tie"
363,52069,52107,,car
364,52108,52133,笠允,
365,52134,52180,"笠允,檜薑營",tie
366,52181,52338,,car
367,52339,52434,"笠允,檜薑營","car,suitcase,tie"
368,52435,52489,,"tie,car"
369,52490,52588,,car
370,52589,52809,笠允,
371,52810,53123,,car
372,53124,53167,笠允,
373,53168,53239,"笠允,檜薑營","car,tie"
374,53240,53349,",",car
375,53350,53389,"笠允,檜薑營","car,tie"
376,53390,53447,笠允,tie
377,53448,53624,"笠允,檜薑營",car
378,53625,53788,笠允,
379,53789,53934,"笠允,檜薑營",car
380,53935,54215,笠允,tie
381,54216,54302,檜薑營,tie
382,54303,54597,"笠允,檜薑營",tie
383,54598,54908,檜薑營,tie
384,54909,55095,笠允,"cup,bottle"
385,55096,55188,檜薑營,
386,55189,55309,笠允,
387,55310,55567,檜薑營,"tie,cup"
388,55568,55859,笠允,tie
389,55860,55973,檜薑營,tie
390,55974,56380,笠允,"tie,cell phone"
391,56381,56438,檜薑營,tie
392,56439,56499,笠允,tie
393,56500,56573,"笠允,檜薑營","chair,dining table,refrigerator,cup,bottle"
394,56574,56668,檜薑營,tie
395,56669,56887,笠允,"tie,cup,remote"
396,56888,57062,檜薑營,"tie,chair,cup,bottle,bowl"
397,57063,57168,笠允,"bottle,tie"
398,57169,57249,檜薑營,"chair,bottle,tie,cup,bowl,pizza"
399,57250,57515,笠允,"chair,bottle,tie,bowl,spoon,cup"
400,57516,57640,檜薑營,cup
401,57641,57782,笠允,"tie,bottle,cup"
402,57783,58447,"笠允,檜薑營","chair,dining table,bottle,cup,tie"
403,58448,58522,,
404,58523,58602,譆團衝,
405,58603,58677,譆團衝,
406,58678,58752,,"chair,potted plant"
407,58753,58829,譆團衝,
408,58830,59022,譆團衝,chair
409,59023,59072,譆團衝,"cup,potted plant"
410,59073,59120,,
411,59121,59184,譆團衝,chair
412,59185,59265,譆團衝,"chair,potted plant"
413,59266,59303,,
414,59304,59352,,tie
415,59353,59459,譆團衝,"potted plant,chair"
416,59460,59562,,
417,59563,59669,譆團衝,
418,59670,59833,譆團衝,"chair,couch"
419,59834,60013,譆團衝,"laptop,cell phone"
420,60014,60268,譆團衝,"potted plant,vase,chair"
421,60269,60469,,"tie,chair"
422,60470,60560,,tie
423,60561,60732,譆團衝,chair
424,60733,60932,,"chair,tie"
425,60933,61114,譆團衝,chair
426,61115,61188,,tie
427,61189,61340,譆團衝,potted plant
428,61341,61434,,car
429,61435,61544,檜薑營,
430,61545,61842,,chair
431,61843,62134,檜薑營,
432,62135,62284,,"dining table,chair,cup"
433,62285,62570,檜薑營,
434,62571,62762,,"chair,dining table,cup"
435,62763,62903,檜薑營,tie
436,62904,63054,,"chair,cup"
437,63055,63163,檜薑營,tie
438,63164,63272,,"cup,chair,dining table"
439,63273,63637,檜薑營,tie
440,63638,63699,,chair
441,63700,63879,檜薑營,tie
442,63880,63962,,
443,63963,63982,檜薑營,tie
444,63983,63990,,
445,63991,64012,,
446,64013,64082,檜薑營,"chair,dining table"
447,64083,64155,,
448,64156,64302,檜薑營,tie
449,64303,64355,,
450,64356,64400,,
451,64401,64440,,
452,64441,64759,檜薑營,tie
453,64760,64888,,
454,64889,65013,檜薑營,"chair,dining table"
455,65014,65115,,
456,65116,65293,檜薑營,tie
457,65294,65377,,
458,65378,65674,檜薑營,
459,65675,66055,,
460,66056,66130,,
461,66131,66204,,tie
462,66205,66229,,"tie,couch"
463,66230,66278,,"cup,couch,dining table"
464,66279,66352,,tie
465,66353,66380,,tie
466,66381,66507,,"tie,couch"
467,66508,66517,,
468,66518,66729,,"couch,tie"
469,66730,66940,,tie
470,66941,67024,,
471,67025,67453,,"tie,couch"
472,67454,67867,,"tie,couch"
473,67868,68090,,
474,68091,68397,,"couch,tie"
475,68398,68453,,
476,68454,68518,,"tie,couch"
477,68519,68767,,"tie,couch"
478,68768,68822,,"tie,couch"
479,68823,68927,,"tie,couch"
480,68928,69064,,"couch,tie"
481,69065,69140,,"tie,couch"
482,69141,69199,,"tie,couch"
483,69200,69257,,"tie,couch"
484,69258,69560,,"tie,couch"
485,69561,69680,,"tie,couch"
486,69681,69849,,"tie,couch"
487,69850,70317,,"tie,cup,couch"
488,70318,70539,,"tie,couch,cup"
489,70540,70610,,"tie,couch"
490,70611,70683,,"cup,tie,couch"
491,70684,70847,,"couch,tie"
492,70848,70943,,"tie,cup"
493,70944,71020,,"couch,tie,cup"
494,71021,71099,,
495,71100,71190,,"tie,couch"
496,71191,71508,,cup
497,71509,71580,,airplane
498,71581,72283,"笠允,檜薑營",tie
499,72284,72328,檜薑營,tie
500,72329,72397,,"chair,dining table,bottle"
501,72398,72442,,cell phone
502,72443,72489,檜薑營,tie
503,72490,72537,,chair
504,72538,72644,檜薑營,tie
505,72645,72899,"笠允,檜薑營",tie
506,72900,73142,"笠允,檜薑營",tie
507,73143,73262,"笠允,檜薑營",tie
508,73263,73469,"笠允,檜薑營","tie,handbag"
509,73470,73654,檜薑營,tie
510,73655,73762,笠允,tie
511,73763,74118,檜薑營,tie
512,74119,74338,笠允,"chair,tie"
513,74339,74474,笠允,tie
514,74475,74569,笠允,tie
515,74570,75497,笠允,tie
516,75498,75559,,
517,75560,75742,笠允,tie
518,75743,75877,譆團衝,
519,75878,76133,笠允,
520,76134,76347,譆團衝,
521,76348,76383,,
522,76384,76520,笠允,
523,76521,76582,,book
524,76583,76675,笠允,
525,76676,76765,譆團衝,
526,76766,76843,笠允,
527,76844,76908,,book
528,76909,77229,"譆團衝,笠允","book,chair,dining table"
529,77230,77583,笠允,tie
530,77584,77752,譆團衝,
531,77753,77870,笠允,"tv,tie"
532,77871,77938,譆團衝,
533,77939,78133,笠允,"tv,tie"
534,78134,78224,譆團衝,"tv,keyboard"
535,78225,78457,笠允,"tv,tie"
536,78458,78637,譆團衝,"tv,keyboard,tie"
537,78638,78999,笠允,"tv,tie"
538,79000,79147,譆團衝,"tv,keyboard"
539,79148,79375,"譆團衝,笠允","chair,tie,dining table"
540,79376,79812,笠允,
541,79813,79984,譆團衝,tv
542,79985,80769,笠允,tie
543,80770,81119,譆團衝,tv
544,81120,81198,笠允,tie
545,81199,81247,譆團衝,
546,81248,81515,笠允,tie
547,81516,81590,譆團衝,
548,81591,81664,笠允,tie
549,81665,81728,譆團衝,
550,81729,81795,笠允,
551,81796,81864,譆團衝,tv
552,81865,81983,笠允,
553,81984,82083,譆團衝,tv
554,82084,82288,笠允,"tie,tv"
555,82289,82717,"譆團衝,笠允","tv,chair,dining table"
556,82718,82954,笠允,
557,82955,83059,譆團衝,
558,83060,83158,笠允,
559,83159,83283,,airplane
560,83284,83348,,
561,83349,84872,笠允,"tie,chair"
562,84873,85429,譆團衝,"car,chair,cell phone"
563,85430,86714,,"fork,spoon,dining table,tie,chair"
564,86715,86777,,tie
565,86778,86877,,"tie,knife"
566,86878,86928,,tie
567,86929,87074,,"tie,knife"
568,87075,87172,,tie
569,87173,87257,,"tie,fork,car"
570,87258,87329,,tie
571,87330,87732,,"dining table,chair,tie"
572,87733,87803,,tie
573,87804,87860,,"cup,bowl,bottle,tie,wine glass"
574,87861,87943,,tie
575,87944,88065,,"dining table,wine glass,chair"
576,88066,88138,,"chair,dining table"
577,88139,88245,,tie
578,88246,88407,,"chair,dining table"
579,88408,88510,,tie
580,88511,88632,,"chair,dining table"
581,88633,88742,,tie
582,88743,88898,譆團衝,
583,88899,89039,,
584,89040,89108,譆團衝,
585,89109,89237,,
586,89238,89437,譆團衝,
587,89438,89694,,
588,89695,90064,譆團衝,"bowl,dining table,fork"
589,90065,90132,,
590,90133,90180,譆團衝,
591,90181,90214,,
592,90215,90415,譆團衝,
593,90416,90545,,
594,90546,90689,譆團衝,
595,90690,90753,,
596,90754,90895,譆團衝,
597,90896,90964,譆團衝,
598,90965,91167,,
599,91168,91255,譆團衝,
600,91256,91328,,
601,91329,91529,譆團衝,
602,91530,91578,,
603,91579,91605,譆團衝,
604,91606,91655,,
605,91656,91754,,"bottle,wine glass,bowl,cup,dining table,chair"
606,91755,92359,譆團衝,
607,92360,94210,笠允,"chair,tie,cup,bottle,dining table"
608,94211,94303,,boat
609,94304,94375,,
610,94376,94722,,
611,94723,95505,,"backpack,suitcase,handbag"
612,95506,96413,,"handbag,suitcase,chair,tv,backpack"
613,96414,96493,,tv
614,96494,96678,,
615,96679,96832,檜薑營,"tv,tie"
616,96833,96909,,tv
617,96910,97085,檜薑營,
618,97086,97465,檜薑營,car
619,97466,97554,,car
620,97555,97672,檜薑營,car
621,97673,97902,,"cell phone,car"
622,97903,98030,檜薑營,car
623,98031,98370,,
624,98371,98657,,microwave
625,98658,98792,,"chair,cell phone"
626,98793,99028,,
627,99029,99192,,
628,99193,99297,,
629,99298,99409,,
630,99410,99552,譆團衝,cell phone
631,99553,99717,譆團衝,cell phone
632,99718,99859,,
633,99860,99925,,cell phone
634,99926,100097,譆團衝,cell phone
635,100098,100305,,cell phone
636,100306,100620,譆團衝,cell phone
637,100621,100685,,cell phone
638,100686,100907,譆團衝,cell phone
639,100908,101014,,cell phone
640,101015,101548,譆團衝,cell phone
641,101549,101712,笠允,tie
642,101713,101889,笠允,
643,101890,102383,笠允,
644,102384,102715,,
645,102716,103097,笠允,
646,103098,103477,,
647,103478,103619,笠允,
648,103620,103884,,
649,103885,103918,笠允,
650,103919,103930,,
651,103931,103965,",",
652,103966,104077,,
653,104078,104223,笠允,
654,104224,104750,,
655,104751,104854,笠允,
656,104855,105120,,
657,105121,105349,笠允,tie
658,105350,105412,,
659,105413,105978,笠允,tie
660,105979,106087,,
661,106088,106284,笠允,tie
662,106285,106352,,
663,106353,106533,笠允,tie
664,106534,106588,,
665,106589,106717,笠允,tie
666,106718,106932,,
667,106933,107154,笠允,tie
668,107155,107290,,
669,107291,107813,笠允,tie
670,107814,108152,,"chair,book"
671,108153,108258,,
672,108259,108619,"譆團衝,笠允","handbag,chair,tie"
673,108620,108909,"譆團衝,笠允","chair,tie,handbag"
674,108910,109067,譆團衝,
675,109068,109128,笠允,
676,109129,109279,譆團衝,"chair,tie"
677,109280,109350,,
678,109351,109514,"譆團衝,笠允","chair,tie"
679,109515,109720,譆團衝,chair
680,109721,109767,,
681,109768,109829,"譆團衝,笠允","chair,tie"
682,109830,109925,譆團衝,chair
683,109926,110023,,
684,110024,110097,譆團衝,tie
685,110098,110148,笠允,chair
686,110149,110194,譆團衝,chair
687,110195,110333,"譆團衝,笠允","chair,tie"
688,110334,110435,,
689,110436,110575,笠允,chair
690,110576,110659,譆團衝,chair
691,110660,110918,"譆團衝,笠允","chair,tie"
692,110919,110989,譆團衝,"chair,tie"
693,110990,111002,譆團衝,chair
694,111003,111034,"譆團衝,笠允",chair
695,111035,111079,笠允,chair
696,111080,111167,譆團衝,chair
697,111168,111253,笠允,"chair,tie"
698,111254,111580,"譆團衝,笠允","chair,tie"
699,111581,111662,笠允,chair
700,111663,111852,譆團衝,"chair,tie"
701,111853,111897,笠允,chair
702,111898,111925,譆團衝,chair
703,111926,111965,,
704,111966,112032,笠允,"chair,tie"
705,112033,112209,譆團衝,"chair,tie"
706,112210,112582,笠允,"chair,tie"
707,112583,112872,譆團衝,"chair,tie"
708,112873,112957,笠允,"chair,tie"
709,112958,113092,譆團衝,chair
710,113093,113173,笠允,"chair,tie"
711,113174,113260,譆團衝,chair
712,113261,113500,笠允,"chair,tie"
713,113501,113637,譆團衝,chair
714,113638,113774,"譆團衝,笠允","chair,tie"
715,113775,113890,笠允,"chair,tie"
716,113891,113978,"譆團衝,笠允",chair
717,113979,114095,笠允,"chair,tie"
718,114096,114304,"譆團衝,笠允","chair,tie"
719,114305,114432,笠允,"chair,tie"
720,114433,114510,譆團衝,chair
721,114511,114719,笠允,"chair,tie"
722,114720,114940,笠允,"chair,tie"
723,114941,115088,笠允,car
724,115089,115304,笠允,"tie,chair,car"
725,115305,115354,,"car,chair"
726,115355,115439,笠允,tie
727,115440,115555,,
728,115556,115585,,
729,115586,115618,笠允,"chair,tie,book,car"
730,115619,115650,,
731,115651,115709,笠允,"airplane,tie,car"
732,115710,115763,,"car,chair"
733,115764,115915,笠允,"tie,chair"
734,115916,116058,,"car,chair"
735,116059,116492,笠允,"chair,tie,car"
736,116493,116539,,car
737,116540,116840,笠允,"chair,tie"
738,116841,116883,,cell phone
739,116884,117212,笠允,"tie,car,cell phone"
740,117213,118350,檜薑營,"car,tie,chair,cell phone"
741,118351,118403,,car
742,118404,118645,檜薑營,car
743,118646,118789,笠允,"cell phone,car"
744,118790,118869,,tie
745,118870,118969,,cell phone
746,118970,119255,笠允,
747,119256,119358,,umbrella
748,119359,119637,,handbag
749,119638,119903,,
750,119904,120105,,"laptop,chair,mouse"
751,120106,120162,,
752,120163,120334,,
753,120335,120438,,
754,120439,120622,,
755,120623,120792,,tv
756,120793,121004,,
757,121005,121047,,cell phone
758,121048,121699,,cell phone
759,121700,121720,,cell phone
760,121721,121739,,
761,121740,121764,,cell phone
762,121765,121845,,
763,121846,122204,譆團衝,
764,122205,122219,,
765,122220,122337,,
766,122338,122349,,"laptop,keyboard"
767,122350,122363,,
768,122364,122418,,
769,122419,122452,,
770,122453,122470,,
771,122471,122559,,handbag
772,122560,122853,,
773,122854,122993,,
774,122994,123047,,
775,123048,123078,,
776,123079,123124,,
777,123125,123192,,
778,123193,123204,,
779,123205,123214,,
780,123215,123230,,
781,123231,123329,,
782,123330,123408,,
783,123409,123464,,
784,123465,123470,,
785,123471,123475,,
786,123476,123484,,
787,123485,123493,,
788,123494,123504,,
789,123505,123553,,
790,123554,123584,,
791,123585,123715,,
792,123716,123765,,
793,123766,123845,,
794,123846,123933,,
795,123934,124140,,
796,124141,124172,,
797,124173,124247,,
798,124248,124275,,
799,124276,124420,,
800,124421,124457,,
801,124458,124514,,
802,124515,124595,,
803,124596,124658,,
804,124659,124862,,
805,124863,125187,,
806,125188,125798,檜薑營,"tie,car"
807,125799,126199,,"umbrella,chair,dining table"
808,126200,126545,笠允,"cup,bottle,dining table,tie,chair"
809,126546,126819,譆團衝,
810,126820,126978,譆團衝,"chair,dining table"
811,126979,127365,檜薑營,"boat,umbrella,tie"
812,127366,127604,檜薑營,tie
813,127605,127687,笠允,
814,127688,127784,檜薑營,tie
815,127785,127940,笠允,tie
816,127941,128034,檜薑營,tie
817,128035,128303,笠允,"chair,tie"
818,128304,128410,檜薑營,tie
819,128411,128514,笠允,
820,128515,128594,檜薑營,tie
821,128595,128730,笠允,tie
822,128731,128763,檜薑營,
823,128764,128807,笠允,
824,128808,128940,檜薑營,"bowl,tie"
825,128941,129365,笠允,tie
826,129366,129467,檜薑營,"bowl,tie"
827,129468,129664,檜薑營,tie
828,129665,129835,笠允,
829,129836,129940,檜薑營,"bowl,tie"
830,129941,129985,,tie
831,129986,130020,檜薑營,"bowl,tie"
832,130021,130067,,
833,130068,130132,"笠允,檜薑營",tie
834,130133,130384,"笠允,檜薑營",tie
835,130385,130493,檜薑營,tie
836,130494,130652,笠允,tie
837,130653,130812,檜薑營,tie
838,130813,130852,,
839,130853,130887,檜薑營,tie
840,130888,130909,笠允,
841,130910,130930,,bowl
842,130931,130997,檜薑營,"bowl,tie"
843,130998,131087,,bowl
844,131088,131157,笠允,
845,131158,131260,檜薑營,
846,131261,131487,笠允,tie
847,131488,131725,檜薑營,
848,131726,131889,笠允,tie
849,131890,131963,檜薑營,
850,131964,132127,笠允,tie
851,132128,132359,檜薑營,tie
852,132360,132687,"笠允,檜薑營","bowl,tie"
853,132688,132998,檜薑營,
854,132999,133130,笠允,tie
855,133131,133268,檜薑營,tie
856,133269,133395,,bowl
857,133396,133575,檜薑營,tie
858,133576,133895,笠允,"tie,bowl"
859,133896,134164,"笠允,檜薑營",tie
860,134165,134247,檜薑營,
861,134248,134422,笠允,"book,tie"
862,134423,134672,檜薑營,
863,134673,134709,,book
864,134710,134790,檜薑營,tie
865,134791,135072,笠允,tie
866,135073,135319,檜薑營,tie
867,135320,135464,,book
868,135465,135724,檜薑營,"book,tie"
869,135725,135899,笠允,tie
870,135900,135959,,book
871,135960,136068,檜薑營,tie
872,136069,136275,"笠允,檜薑營",tie
873,136276,136494,檜薑營,tie
874,136495,136782,"笠允,檜薑營","bowl,tie"
875,136783,136788,",",
876,136789,136800,檜薑營,
877,136801,136810,笠允,tie
878,136811,136823,檜薑營,
879,136824,136875,"笠允,檜薑營",
880,136876,136914,檜薑營,tie
881,136915,136975,笠允,tie
882,136976,137027,,
883,137028,137082,檜薑營,tie
884,137083,137122,,book
885,137123,137229,檜薑營,tie
886,137230,137335,,book
887,137336,137394,,
888,137395,137484,檜薑營,
889,137485,137607,笠允,tie
890,137608,137698,"笠允,檜薑營",
891,137699,137723,,
892,137724,137802,笠允,knife
893,137803,137888,,
894,137889,138012,,
895,138013,138113,檜薑營,tie
896,138114,138273,笠允,tie
897,138274,138340,檜薑營,tie
898,138341,138470,笠允,tie
899,138471,138559,檜薑營,tie
900,138560,138623,笠允,tie
901,138624,139153,"笠允,檜薑營",tie
902,139154,139237,,
903,139238,139404,"笠允,檜薑營",tie
904,139405,139458,,
905,139459,139607,"笠允,檜薑營",tie
906,139608,139863,檜薑營,tie
907,139864,139887,,
908,139888,139947,檜薑營,tie
909,139948,140092,,bowl
910,140093,140165,檜薑營,tie
911,140166,140299,,
912,140300,140393,檜薑營,
913,140394,140415,,
914,140416,140469,檜薑營,tie
915,140470,140529,笠允,tie
916,140530,140549,,
917,140550,140643,檜薑營,"tie,bowl"
918,140644,140910,笠允,tie
919,140911,141603,笠允,
920,141604,141798,譆團衝,
921,141799,141945,,dining table
922,141946,142115,譆團衝,
923,142116,142180,,
924,142181,142238,譆團衝,
925,142239,142338,,
926,142339,142500,譆團衝,
927,142501,142700,,
928,142701,142759,譆團衝,
929,142760,142807,,
930,142808,142920,譆團衝,
931,142921,143050,,
932,143051,143204,譆團衝,
933,143205,143604,,
934,143605,143725,譆團衝,
935,143726,143795,,
936,143796,144132,譆團衝,
937,144133,144283,,
938,144284,144403,譆團衝,
939,144404,144580,譆團衝,
940,144581,144707,,
941,144708,144815,譆團衝,
942,144816,145373,,
943,145374,145502,,
944,145503,145634,,
945,145635,146143,譆團衝,",,"
946,146144,146294,,boat
947,146295,146470,,tie
948,146471,146522,,
949,146523,146654,,
950,146655,146934,,
951,146935,147044,,
952,147045,147194,,
953,147195,147522,,
954,147523,148014,檜薑營,tie
955,148015,148217,"譆團衝,檜薑營",
956,148218,148420,,
957,148421,148474,",",
958,148475,148747,,
959,148748,148933,,
960,148934,148984,,
961,148985,149402,,
962,149403,149539,檜薑營,
963,149540,149708,,
964,149709,149818,檜薑營,
965,149819,150084,"譆團衝,檜薑營",
966,150085,150277,譆團衝,
967,150278,150577,"譆團衝,檜薑營",
968,150578,150868,"譆團衝,檜薑營",
969,150869,150953,"譆團衝,檜薑營",
970,150954,151203,譆團衝,
971,151204,151399,"譆團衝,檜薑營",
972,151400,151509,譆團衝,
973,151510,151675,"譆團衝,檜薑營",
974,151676,151832,譆團衝,
975,151833,151957,"譆團衝,檜薑營",
976,151958,152077,譆團衝,
977,152078,152184,"譆團衝,檜薑營",
978,152185,152369,譆團衝,
979,152370,152423,,
980,152424,152484,譆團衝,
981,152485,152544,,
982,152545,152589,檜薑營,
983,152590,152649,,
984,152650,152695,檜薑營,
985,152696,152743,譆團衝,
986,152744,152777,"譆團衝,檜薑營",
987,152778,152825,笠允,"tv,tie"
988,152826,152877,,
989,152878,152923,,
990,152924,153095,譆團衝,
991,153096,153185,檜薑營,
992,153186,153283,,
993,153284,153338,譆團衝,
994,153339,153390,笠允,
995,153391,153433,譆團衝,
996,153434,153493,,
997,153494,153564,,
998,153565,153815,,laptop
999,153816,153868,,
1000,153869,153973,,
1001,153974,154034,譆團衝,
1002,154035,154202,,
1003,154203,154269,譆團衝,
1004,154270,154399,,
1005,154400,154525,譆團衝,
1006,154526,154573,,
1007,154574,154662,檜薑營,
1008,154663,154824,檜薑營,"tie,tv"
1009,154825,154990,譆團衝,dining table
1010,154991,155104,譆團衝,
1011,155105,155194,"譆團衝,檜薑營",
1012,155195,155240,,
1013,155241,155368,"譆團衝,檜薑營",
1014,155369,155460,,
1015,155461,155509,"譆團衝,檜薑營",
1016,155510,155683,"譆團衝,檜薑營",
1017,155684,155765,,
1018,155766,155827,譆團衝,
1019,155828,155920,,
1020,155921,155985,檜薑營,
1021,155986,156047,譆團衝,
1022,156048,156224,"譆團衝,檜薑營",
1023,156225,156309,檜薑營,
1024,156310,156434,譆團衝,
1025,156435,156669,檜薑營,
1026,156670,156723,譆團衝,
1027,156724,156780,檜薑營,
1028,156781,156819,譆團衝,
1029,156820,156975,檜薑營,
1030,156976,157173,譆團衝,
1031,157174,157324,檜薑營,
1032,157325,157457,譆團衝,
1033,157458,157519,檜薑營,
1034,157520,157670,譆團衝,
1035,157671,157770,檜薑營,
1036,157771,158188,譆團衝,
1037,158189,158330,檜薑營,
1038,158331,158374,檜薑營,
1039,158375,158483,,
1040,158484,158963,笠允,"chair,dining table,tie,book,couch"
1041,158964,159038,,
1042,159039,159102,笠允,tie
1043,159103,159149,,
1044,159150,159305,笠允,tie
1045,159306,159397,,tie
1046,159398,159503,笠允,tie
1047,159504,159560,,tie
1048,159561,159684,笠允,
1049,159685,159875,笠允,tie
1050,159876,160052,檜薑營,
1051,160053,160360,譆團衝,
1052,160361,160753,檜薑營,
1053,160754,160860,譆團衝,
1054,160861,160917,檜薑營,
1055,160918,161105,譆團衝,
1056,161106,161228,笠允,tie
1057,161229,161537,笠允,car
1058,161538,161570,,car
1059,161571,161590,,
1060,161591,161604,,car
1061,161605,161618,,car
1062,161619,161668,",",car
1063,161669,161678,笠允,tie
1064,161679,161689,笠允,car
1065,161690,161702,笠允,
1066,161703,161714,,car
1067,161715,161732,笠允,car
1068,161733,161744,,car
1069,161745,161777,笠允,car
1070,161778,161805,,
1071,161806,161837,笠允,car
1072,161838,161845,,car
1073,161846,161863,,car
1074,161864,161888,笠允,"car,tie"
1075,161889,161922,,car
1076,161923,161933,笠允,car
1077,161934,161942,,car
1078,161943,161953,,car
1079,161954,161965,,car
1080,161966,161987,,car
1081,161988,162038,,car
1082,162039,162128,,car
1083,162129,162152,,"car,tie"
1084,162153,162188,笠允,tie
1085,162189,162203,,car
1086,162204,162220,,car
1087,162221,162242,,car
1088,162243,162258,,car
1089,162259,162298,笠允,"car,tie"
1090,162299,162317,笠允,car
1091,162318,162335,笠允,"car,tie"
1092,162336,162348,,car
1093,162349,162389,笠允,car
1094,162390,162399,笠允,car
1095,162400,162415,笠允,
1096,162416,162430,,
1097,162431,162467,,
1098,162468,162497,笠允,
1099,162498,162512,",",car
1100,162513,162545,笠允,car
1101,162546,162553,,car
1102,162554,162564,,
1103,162565,162593,,car
1104,162594,162648,笠允,tie
1105,162649,162674,,
1106,162675,162709,笠允,
1107,162710,162764,,car
1108,162765,162785,笠允,tie
1109,162786,162832,,car
1110,162833,162873,,car
1111,162874,162920,笠允,car
1112,162921,162949,笠允,
1113,162950,162964,笠允,car
1114,162965,162972,,car
1115,162973,162988,,car
1116,162989,163025,笠允,car
1117,163026,163042,,car
1118,163043,163058,笠允,car
1119,163059,163070,,car
1120,163071,163085,,car
1121,163086,163125,笠允,car
1122,163126,163159,,car
1123,163160,163179,笠允,
1124,163180,163189,,car
1125,163190,163212,笠允,
1126,163213,163252,,baseball bat
1127,163253,163588,笠允,"car,baseball bat"
1128,163589,163710,笠允,"baseball bat,car"
1129,163711,163799,,"baseball bat,tie"
1130,163800,163840,,baseball bat
1131,163841,163877,",","baseball bat,knife"
1132,163878,163918,笠允,baseball bat
1133,163919,163994,笠允,remote
1134,163995,164025,,
1135,164026,164059,,
1136,164060,164104,笠允,
1137,164105,164372,",",
1138,164373,164434,,
1139,164435,164502,笠允,
1140,164503,164583,笠允,
1141,164584,164603,,tie
1142,164604,164635,笠允,
1143,164636,164692,笠允,
1144,164693,164788,,
1145,164789,164917,,
1146,164918,165483,笠允,knife
1147,165484,165872,笠允,knife
1148,165873,166144,,
1149,166145,166170,,
1150,166171,166583,,car
1151,166584,166959,,
1152,166960,167065,,
1153,167066,167535,笠允,
1154,167536,167719,,
1155,167720,167728,,
1156,167729,167742,笠允,
1157,167743,167758,,
1158,167759,167782,笠允,
1159,167783,167813,,
1160,167814,167838,,
1161,167839,167867,笠允,
1162,167868,167929,笠允,
1163,167930,168114,笠允,
1164,168115,168162,,"tie,remote"
1165,168163,168352,,knife
1166,168353,168399,,
1167,168400,168528,,
1168,168529,168607,,
1169,168608,168677,,
1170,168678,169120,,
1171,169121,169193,,
1172,169194,169340,,
1173,169341,169480,,
1174,169481,169520,,
1175,169521,169750,笠允,
1176,169751,169820,檜薑營,
1177,169821,169992,譆團衝,
1178,169993,170323,檜薑營,
1179,170324,170509,檜薑營,
1180,170510,170545,,
1181,170546,170575,,
1182,170576,170614,,bed
1183,170615,170655,,bed
1184,170656,170698,,
1185,170699,170790,,
1186,170791,170968,檜薑營,car
1187,170969,171483,檜薑營,
1188,171484,171799,笠允,
1189,171800,172255,檜薑營,
1190,172256,172314,,
1191,172315,172403,檜薑營,
1192,172404,172480,,
1193,172481,172634,,
1194,172635,172750,,
1195,172751,172833,檜薑營,
1196,172834,172940,,
1197,172941,173200,檜薑營,
1198,173201,173323,,
1199,173324,173504,檜薑營,
1200,173505,173592,檜薑營,
1201,173593,173667,,
1202,173668,173877,檜薑營,
1203,173878,174028,檜薑營,
1204,174029,174108,,
1205,174109,174419,檜薑營,
1206,174420,174503,笠允,
1207,174504,174670,,
1208,174671,175168,檜薑營,
1209,175169,175334,,car
1210,175335,175472,檜薑營,
1211,175473,175750,檜薑營,
1212,175751,175849,,bed
1213,175850,176533,檜薑營,
1214,176534,176768,,
1215,176769,177082,譆團衝,"cup,dining table,bottle,chair,tie,bowl"
1216,177083,177442,譆團衝,"bottle,cup,dining table,bowl"
1217,177443,177519,,
1218,177520,177705,譆團衝,
1219,177706,178153,,
1220,178154,178270,譆團衝,
1221,178271,178394,,
1222,178395,178728,譆團衝,
1223,178729,179154,,tie
1224,179155,179324,譆團衝,
1225,179325,179438,,
1226,179439,179649,譆團衝,
1227,179650,179963,,
1228,179964,180249,譆團衝,cup
1229,180250,180408,,
1230,180409,180760,譆團衝,
1231,180761,180878,,"chair,dining table"
1232,180879,180967,,book
1233,180968,181030,,
1234,181031,181102,,
1235,181103,181224,,
1236,181225,181322,,"chair,cup,dining table,bowl"
1237,181323,181637,,"dining table,cup,bottle,chair"
1238,181638,181690,,
1239,181691,181762,,"chair,cup,bowl"
1240,181763,181855,,
1241,181856,181944,,"chair,cup"
1242,181945,181977,,
1243,181978,182000,,
1244,182001,182342,,
1245,182343,182413,,"dining table,cup,chair"
1246,182414,182580,,
1247,182581,182629,,
1248,182630,182675,,
1249,182676,182833,,
1250,182834,182937,,
1251,182938,183032,,"dining table,cup,chair"
1252,183033,183135,,
1253,183136,183188,,cup
1254,183189,183502,,
1255,183503,183579,,
1256,183580,183647,,
1257,183648,183698,,
1258,183699,183872,,
1259,183873,183985,,
1260,183986,184102,,"chair,cup,dining table"
1261,184103,184274,,cup
1262,184275,184370,,
1263,184371,184764,譆團衝,chair
1264,184765,184847,"譆團衝,檜薑營",chair
1265,184848,185044,譆團衝,
1266,185045,185154,檜薑營,
1267,185155,185385,譆團衝,
1268,185386,185580,檜薑營,
1269,185581,185748,譆團衝,
1270,185749,185869,檜薑營,
1271,185870,186165,譆團衝,
1272,186166,186395,檜薑營,
1273,186396,186444,譆團衝,
1274,186445,186750,檜薑營,
1275,186751,186857,譆團衝,chair
1276,186858,186922,檜薑營,
1277,186923,187094,譆團衝,chair
1278,187095,187352,檜薑營,
1279,187353,187432,譆團衝,
1280,187433,187598,,
1281,187599,187724,譆團衝,
1282,187725,187880,譆團衝,
1283,187881,188910,檜薑營,"car,cell phone"
1284,188911,189055,,car
1285,189056,189232,笠允,
1286,189233,189495,檜薑營,
1287,189496,189577,笠允,
1288,189578,190163,檜薑營,
1289,190164,190618,笠允,"bed,clock"
1290,190619,190725,,
1291,190726,190807,笠允,
1292,190808,190944,"笠允,檜薑營",bed
1293,190945,191104,笠允,
1294,191105,191230,檜薑營,
1295,191231,191410,笠允,
1296,191411,191910,"笠允,檜薑營",
1297,191911,192054,檜薑營,
1298,192055,192272,笠允,
1299,192273,192443,檜薑營,
1300,192444,192654,笠允,
1301,192655,192782,檜薑營,
1302,192783,193009,笠允,
1303,193010,193198,檜薑營,
1304,193199,193562,笠允,
1305,193563,193900,檜薑營,
1306,193901,194285,笠允,
1307,194286,194359,檜薑營,
1308,194360,194430,"笠允,檜薑營",bed
1309,194431,194789,笠允,
1310,194790,195003,檜薑營,
1311,195004,195158,笠允,
1312,195159,195265,檜薑營,
1313,195266,195925,笠允,
1314,195926,196440,檜薑營,
1315,196441,196643,笠允,
1316,196644,196984,檜薑營,
1317,196985,197223,笠允,
1318,197224,197440,檜薑營,
1319,197441,197692,笠允,
1320,197693,197832,檜薑營,
1321,197833,198439,笠允,
1322,198440,198665,檜薑營,
1323,198666,198779,笠允,bed
1324,198780,199350,檜薑營,"bed,chair"
1325,199351,199449,,"car,umbrella"
1326,199450,199862,,"umbrella,car"
1327,199863,200155,笠允,
1328,200156,200317,檜薑營,tie
1329,200318,200425,,
1330,200426,200715,檜薑營,tie
1331,200716,200820,,
1332,200821,200898,,
1333,200899,201035,檜薑營,
1334,201036,201247,檜薑營,tie
1335,201248,201398,,
1336,201399,201968,檜薑營,tie
1337,201969,202273,檜薑營,umbrella
1338,202274,202617,檜薑營,"tie,umbrella"
1339,202618,202743,,spoon
1340,202744,202894,,umbrella
1341,202895,203095,檜薑營,umbrella
1342,203096,204137,檜薑營,"tv,vase,potted plant,umbrella,handbag,cup,chair,sink,microwave"
1343,204138,204345,,tv
1344,204346,204627,檜薑營,"tie,car,remote"
1345,204628,205118,檜薑營,"book,cup,vase,laptop,tie,chair,bottle,boat"
1346,205119,205215,,laptop
1347,205216,205545,檜薑營,car
1348,205546,205685,檜薑營,dining table
1349,205686,205954,,"stop sign,book,clock"
1350,205955,206959,檜薑營,"cup,car"
1351,206960,207169,檜薑營,
1352,207170,207328,,
1353,207329,208059,,
1354,208060,208313,,
1355,208314,208478,,car
1356,208479,208894,,couch
1357,208895,209149,檜薑營,
1358,209150,209264,,
1359,209265,209479,檜薑營,tie
1360,209480,209817,,
1361,209818,209957,,car
1362,209958,210054,檜薑營,tie
1363,210055,210243,,car
1364,210244,210398,檜薑營,tie
1365,210399,210748,檜薑營,"chair,tie"
1366,210749,210944,,car
1367,210945,211138,,car
1368,211139,211219,,car
1369,211220,211289,,
1370,211290,211372,檜薑營,tie
1371,211373,211505,,
1372,211506,211639,,car
1373,211640,211684,,clock
1374,211685,211913,檜薑營,"tie,car"
1375,211914,212039,檜薑營,tie
1376,212040,212167,,car
1377,212168,212265,,car
1378,212266,212282,,
1379,212283,212382,,car
1380,212383,212430,,car
1381,212431,212479,,car
1382,212480,212679,,car
1383,212680,212713,,
1384,212714,212764,,car
1385,212765,212780,,
1386,212781,212824,,car
1387,212825,212920,,"car,bus,truck"
1388,212921,213023,,"bottle,cup,chair"
1389,213024,213147,,"bottle,cup,chair"
1390,213148,213377,,car
1391,213378,213485,檜薑營,baseball bat
1392,213486,213638,,
1393,213639,214005,檜薑營,
1394,214006,214280,檜薑營,"tie,car"
1395,214281,214519,,
1396,214520,214705,檜薑營,
1397,214706,214888,,car
1398,214889,215162,,car
1399,215163,215630,檜薑營,tie
1400,215631,216147,,couch
1401,216148,216615,,couch
1402,216616,216708,,
1403,216709,216767,,
1404,216768,217065,,
1405,217066,217250,,
1406,217251,218462,,couch
1407,218463,218599,,
1408,218600,218853,,couch
1409,218854,219010,,
1410,219011,219088,,tie
1411,219089,219177,,car
1412,219178,219265,,
1413,219266,219360,檜薑營,tie
1414,219361,219452,,
1415,219453,219813,檜薑營,tie
1416,219814,220105,,
1417,220106,220233,,
1418,220234,220319,譆團衝,chair
1419,220320,220452,,chair
1420,220453,220667,,
1421,220668,220755,譆團衝,chair
1422,220756,220897,,
1423,220898,221002,譆團衝,chair
1424,221003,221114,,knife
1425,221115,221504,譆團衝,chair
1426,221505,221619,,car
1427,221620,221663,,
1428,221664,221708,,car
1429,221709,221763,,car
1430,221764,221828,,car
1431,221829,221870,,car
1432,221871,221925,,car
1433,221926,222059,,car
1434,222060,222275,,"chair,bottle,dining table,cup"
1435,222276,222373,,"bottle,cup,chair"
1436,222374,222418,,
1437,222419,222464,,
1438,222465,222542,,
1439,222543,222654,,"bottle,cup,chair"
1440,222655,222855,,
1441,222856,222963,,
1442,222964,223072,,car
1443,223073,223119,,car
1444,223120,223150,,car
1445,223151,223213,,
1446,223214,223255,,car
1447,223256,223350,,
1448,223351,223403,,
1449,223404,223438,,
1450,223439,223518,,"cup,dining table,bottle,chair"
1451,223519,223608,,
1452,223609,223663,,
1453,223664,223742,,"bottle,dining table,cup,chair"
1454,223743,223922,,"chair,bottle,cup,dining table"
1455,223923,224048,檜薑營,tie
1456,224049,224117,,
1457,224118,224207,檜薑營,tie
1458,224208,224238,,
1459,224239,224255,,
1460,224256,224342,,
1461,224343,224593,檜薑營,"tie,chair,bottle,cup"
1462,224594,224657,,
1463,224658,224800,,
1464,224801,224992,,"sink,bottle,couch"
1465,224993,225073,,
1466,225074,225445,檜薑營,"tie,chair"
1467,225446,225642,譆團衝,
1468,225643,225804,譆團衝,
1469,225805,225925,,"car,stop sign"
1470,225926,226134,,"car,stop sign"
1471,226135,226389,,
1472,226390,226483,,
1473,226484,226622,,car
1474,226623,226959,檜薑營,"chair,bottle,cup,dining table"
1475,226960,227027,,
1476,227028,227077,,
1477,227078,227333,譆團衝,
1478,227334,227438,譆團衝,
1479,227439,227639,檜薑營,"cup,bottle,dining table,chair"
1480,227640,227759,,car
1481,227760,227829,,"car,train,stop sign"
1482,227830,227862,,car
1483,227863,227900,,car
1484,227901,227912,,"car,tie"
1485,227913,227938,,car
1486,227939,227969,,car
1487,227970,227985,,
1488,227986,228033,,"stop sign,car"
1489,228034,228260,檜薑營,"chair,bottle,tie,cup"
1490,228261,228289,,car
1491,228290,228423,,car
1492,228424,228617,檜薑營,"tie,bottle,cup,chair"
1493,228618,228940,,"chair,person"
1494,228941,229132,,
1495,229133,229348,檜薑營,tie
1496,229349,229530,,book
1497,229531,229675,,
1498,229676,229748,檜薑營,
1499,229749,229887,譆團衝,"car,chair"
1500,229888,229983,檜薑營,
1501,229984,230480,"譆團衝,檜薑營",car
1502,230481,230512,檜薑營,
1503,230513,230607,"譆團衝,檜薑營","car,chair"
1504,230608,230644,,
1505,230645,230887,譆團衝,
1506,230888,230974,"譆團衝,檜薑營","car,chair"
1507,230975,231158,,bowl
1508,231159,231257,檜薑營,tie
1509,231258,231419,,bowl
1510,231420,233453,檜薑營,"chair,tie"
